Metric,Score
Precision,0.9856410256410256
Recall,0.9846153846153847
F1 Score,0.9845143362384742
Accuracy,0.9846153846153847
