Metric,Score
Precision,0.9470414201183431
Recall,0.9384615384615385
F1 Score,0.9378491704374057
Accuracy,0.9384615384615385
