Metric,Score
Precision,0.9442307692307692
Recall,0.9384615384615385
F1 Score,0.9398616198616199
Accuracy,0.9384615384615385
