Metric,Score
Precision,0.946606334841629
Recall,0.9384615384615385
F1 Score,0.9392819162404417
Accuracy,0.9384615384615385
