Metric,Score
Precision,0.9701923076923077
Recall,0.9692307692307692
F1 Score,0.9691444600280505
Accuracy,0.9692307692307692
