Metric,Score
Precision,0.9576923076923077
Recall,0.9538461538461539
F1 Score,0.9536883629191321
Accuracy,0.9538461538461539
