Metric,Score
Precision,0.9730769230769231
Recall,0.9692307692307692
F1 Score,0.9687179487179486
Accuracy,0.9692307692307692
