Metric,Score
Precision,0.9544615384615385
Recall,0.9538461538461539
F1 Score,0.9536686915568903
Accuracy,0.9538461538461539
