Metric,Score
Precision,0.9427106227106228
Recall,0.9384615384615385
F1 Score,0.9382773626805456
Accuracy,0.9384615384615385
