Metric,Score
Precision,0.9698005698005698
Recall,0.9692307692307692
F1 Score,0.9690096067454558
Accuracy,0.9692307692307692
