Metric,Score
Precision,0.9726495726495726
Recall,0.9692307692307692
F1 Score,0.9688536953242836
Accuracy,0.9692307692307692
