Metric,Score
Precision,0.9299396681749624
Recall,0.9230769230769231
F1 Score,0.9237131041002008
Accuracy,0.9230769230769231
