Metric,Score
Precision,0.9733333333333333
Recall,0.9692307692307692
F1 Score,0.9690476190476189
Accuracy,0.9692307692307692
