Metric,Score
Precision,0.9712820512820513
Recall,0.9692307692307692
F1 Score,0.9692282339668324
Accuracy,0.9692307692307692
