Metric,Score
Precision,0.9851458885941646
Recall,0.9846153846153847
F1 Score,0.984158621405585
Accuracy,0.9846153846153847
