Metric,Score
Precision,0.9423076923076923
Recall,0.9230769230769231
F1 Score,0.926489659408914
Accuracy,0.9230769230769231
