Metric,Score
Precision,0.9855769230769231
Recall,0.9846153846153847
F1 Score,0.9845290754126659
Accuracy,0.9846153846153847
